symbol,name,tdx_api_mkt,code
SZ002875,安奈儿,0,002875
SZ002873,新天药业,0,002873
SZ002870,香山股份,0,002870
SZ002869,金溢科技,0,002869
SZ002868,绿康生化,0,002868
SZ002867,周大生,0,002867
SZ002866,传艺科技,0,002866
SZ002865,钧达股份,0,002865
SZ002864,盘龙药业,0,002864
SZ002862,实丰文化,0,002862
SZ002860,星帅尔,0,002860
SZ002859,洁美科技,0,002859
SZ002858,力盛体育,0,002858
SZ002853,皮阿诺,0,002853
SZ002852,道道全,0,002852
SZ002851,麦格米特,0,002851
SZ002850,科达利,0,002850
SZ002848,高斯贝尔,0,002848
SZ002847,盐津铺子,0,002847
SZ002846,英联股份,0,002846
SZ002845,同兴达,0,002845
SZ002843,泰嘉股份,0,002843
SZ002841,视源股份,0,002841
SZ002840,华统股份,0,002840
SZ002838,道恩股份,0,002838
SZ002837,英维克,0,002837
SZ002833,弘亚数控,0,002833
SZ002832,比音勒芬,0,002832
SZ002831,裕同科技,0,002831
SZ002829,星网宇达,0,002829
SZ002828,贝肯能源,0,002828
SZ002827,高争民爆,0,002827
SZ002826,易明医药,0,002826
SZ002825,纳尔股份,0,002825
SZ002824,和胜股份,0,002824
SZ002823,凯中精密,0,002823
SZ002821,凯莱英,0,002821
SZ002820,桂发祥,0,002820
SZ002819,东方中科,0,002819
SZ002815,崇达技术,0,002815
SZ002813,路畅科技,0,002813
SZ002812,恩捷股份,0,002812
SZ002810,山东赫达,0,002810
SZ002805,丰元股份,0,002805
SZ002803,吉宏股份,0,002803
SZ002800,天顺股份,0,002800
SZ002799,环球印务,0,002799
SZ002798,帝欧家居,0,002798
SZ002796,世嘉科技,0,002796
SZ002795,永和智控,0,002795
SZ002791,坚朗五金,0,002791
SZ002790,瑞尔特,0,002790
SZ002789,建艺集团,0,002789
SZ002785,万里石,0,002785
SZ002783,凯龙股份,0,002783
SZ002782,可立克,0,002782
SZ002777,久远银海,0,002777
SZ002773,康弘药业,0,002773
SZ002772,众兴菌业,0,002772
SZ002771,真视通,0,002771
SZ002768,国恩股份,0,002768
SZ002765,蓝黛科技,0,002765
SZ002762,金发拉比,0,002762
SZ002761,浙江建投,0,002761
SZ002759,天际股份,0,002759
SZ002758,浙农股份,0,002758
SZ002756,永兴材料,0,002756
SZ002750,龙津药业,0,002750
SZ002747,埃斯顿,0,002747
SZ002746,仙坛股份,0,002746
SZ002745,木林森,0,002745
SZ002741,光华科技,0,002741
SZ002739,万达电影,0,002739
SZ002738,中矿资源,0,002738
SZ002737,葵花药业,0,002737
SZ002736,国信证券,0,002736
SZ002735,王子新材,0,002735
SZ002733,雄韬股份,0,002733
SZ002732,燕塘乳业,0,002732
SZ002731,萃华珠宝,0,002731
SZ002728,特一药业,0,002728
SZ002727,一心堂,0,002727
SZ002723,小崧股份,0,002723
SZ002719,麦趣尔,0,002719
SZ002714,牧原股份,0,002714
SZ002709,天赐材料,0,002709
SZ002707,众信旅游,0,002707
SZ002706,良信股份,0,002706
SZ002705,新宝股份,0,002705
SZ002703,浙江世宝,0,002703
SZ002695,煌上煌,0,002695
SZ002690,美亚光电,0,002690
SZ002683,广东宏大,0,002683
SZ002679,福建金森,0,002679
SZ002677,浙江美大,0,002677
SZ002675,东诚药业,0,002675
SZ002669,康达新材,0,002669
SZ002667,鞍重股份,0,002667
SZ002664,信质集团,0,002664
SZ002658,雪迪龙,0,002658
SZ002657,中科金财,0,002657
SZ002655,共达电声,0,002655
SZ002653,海思科,0,002653
SZ002649,博彦科技,0,002649
SZ002648,卫星化学,0,002648
SZ002646,天佑德酒,0,002646
SZ002645,华宏科技,0,002645
SZ002643,万润股份,0,002643
SZ002642,荣联科技,0,002642
SZ002639,雪人股份,0,002639
SZ002635,安洁科技,0,002635
SZ002634,棒杰股份,0,002634
SZ002626,金达威,0,002626
SZ002625,光启技术,0,002625
SZ002624,完美世界,0,002624
SZ002623,亚玛顿,0,002623
SZ002617,露笑科技,0,002617
SZ002614,奥佳华,0,002614
SZ002612,朗姿股份,0,002612
SZ002609,捷顺科技,0,002609
SZ002606,大连电瓷,0,002606
SZ002605,姚记科技,0,002605
SZ002603,以岭药业,0,002603
SZ002601,龙佰集团,0,002601
SZ002598,山东章鼓,0,002598
SZ002597,金禾实业,0,002597
SZ002595,豪迈科技,0,002595
SZ002594,比亚迪,0,002594
SZ002591,恒大高新,0,002591
SZ002590,万安科技,0,002590
SZ002585,双星新材,0,002585
SZ002582,好想你,0,002582
SZ002581,未名医药,0,002581
SZ002580,圣阳股份,0,002580
SZ002579,中京电子,0,002579
SZ002576,通达动力,0,002576
SZ002572,索菲亚,0,002572
SZ002568,百润股份,0,002568
SZ002561,徐家汇,0,002561
SZ002558,巨人网络,0,002558
SZ002557,洽洽食品,0,002557
SZ002556,辉隆股份,0,002556
SZ002555,三七互娱,0,002555
SZ002553,南方精工,0,002553
SZ002549,凯美特气,0,002549
SZ002545,东方铁塔,0,002545
SZ002541,鸿路钢构,0,002541
SZ002539,云图控股,0,002539
SZ002538,司尔特,0,002538
SZ002534,西子洁能,0,002534
SZ002532,天山铝业,0,002532
SZ002531,天顺风能,0,002531
SZ002529,海源复材,0,002529
SZ002528,英飞拓,0,002528
SZ002518,科士达,0,002518
SZ002517,恺英网络,0,002517
SZ002514,宝馨科技,0,002514
SZ002511,中顺洁柔,0,002511
SZ002508,老板电器,0,002508
SZ002507,涪陵榨菜,0,002507
SZ002497,雅化集团,0,002497
SZ002493,荣盛石化,0,002493
SZ002487,大金重工,0,002487
SZ002484,江海股份,0,002484
SZ002475,立讯精密,0,002475
SZ002474,榕基软件,0,002474
SZ002472,双环传动,0,002472
SZ002468,申通快递,0,002468
SZ002466,天齐锂业,0,002466
SZ002465,海格通信,0,002465
SZ002463,沪电股份,0,002463
SZ002462,嘉事堂,0,002462
SZ002460,赣锋锂业,0,002460
SZ002459,晶澳科技,0,002459
SZ002458,益生股份,0,002458
SZ002455,百川股份,0,002455
SZ002453,华软科技,0,002453
SZ002449,国星光电,0,002449
SZ002446,盛路通信,0,002446
SZ002444,巨星科技,0,002444
SZ002441,众业达,0,002441
SZ002439,启明星辰,0,002439
SZ002438,江苏神通,0,002438
SZ002436,兴森科技,0,002436
SZ002434,万里扬,0,002434
SZ002432,九安医疗,0,002432
SZ002430,杭氧股份,0,002430
SZ002428,云南锗业,0,002428
SZ002424,贵州百灵,0,002424
SZ002422,科伦药业,0,002422
SZ002416,爱施德,0,002416
SZ002415,海康威视,0,002415
SZ002414,高德红外,0,002414
SZ002410,广联达,0,002410
SZ002409,雅克科技,0,002409
SZ002407,多氟多,0,002407
SZ002405,四维图新,0,002405
SZ002402,和而泰,0,002402
SZ002401,中远海科,0,002401
SZ002396,星网锐捷,0,002396
SH600078,ST澄星,1,600078
SH600072,中船科技,1,600072
SH600071,凤凰光学,1,600071
SH600066,宇通客车,1,600066
SH600062,华润双鹤,1,600062
SH600060,海信视像,1,600060
SH600059,古越龙山,1,600059
SH600057,厦门象屿,1,600057
SH600056,中国医药,1,600056
SH600055,万东医疗,1,600055
SH600054,黄山旅游,1,600054
SH600048,保利发展,1,600048
SH600039,四川路桥,1,600039
SH600038,中直股份,1,600038
SH600037,歌华有线,1,600037
SH600036,招商银行,1,600036
SH600032,浙江新能,1,600032
SH600031,三一重工,1,600031
SH600030,中信证券,1,600030
SH600026,中远海能,1,600026
SH600021,上海电力,1,600021
SH600009,上海机场,1,600009
SH600007,中国国贸,1,600007
SH600004,白云机场,1,600004
SZ000930,中粮科技,0,000930
SZ000929,兰州黄河,0,000929
SZ000923,河钢资源,0,000923
SZ000922,佳电股份,0,000922
SZ000921,海信家电,0,000921
SZ000920,沃顿科技,0,000920
SZ000915,华特达因,0,000915
SZ000913,钱江摩托,0,000913
SZ000910,大亚圣象,0,000910
SZ000909,数源科技,0,000909
SZ000906,浙商中拓,0,000906
SZ000902,新洋丰,0,000902
SZ000899,赣能股份,0,000899
SZ000895,双汇发展,0,000895
SZ000893,亚钾国际,0,000893
SZ000888,峨眉山A,0,000888
SZ000887,中鼎股份,0,000887
SZ000878,云南铜业,0,000878
SZ000877,天山股份,0,000877
SZ000876,新希望,0,000876
SZ000860,顺鑫农业,0,000860
SZ000858,五粮液,0,000858
SZ000848,承德露露,0,000848
SZ000837,秦川机床,0,000837
SZ000831,中国稀土,0,000831
SZ000830,鲁西化工,0,000830
SZ000829,天音控股,0,000829
SZ000822,山东海化,0,000822
SZ000821,京山轻机,0,000821
SZ000819,岳阳兴长,0,000819
SZ000818,航锦科技,0,000818
SZ000815,美利云,0,000815
SZ000811,冰轮环境,0,000811
SZ000810,创维数字,0,000810
SZ000807,云铝股份,0,000807
SZ000803,山高环能,0,000803
SZ000799,酒鬼酒,0,000799
SZ000798,中水渔业,0,000798
SZ000792,盐湖股份,0,000792
SZ000786,北新建材,0,000786
SZ000779,甘咨询,0,000779
SZ000776,广发证券,0,000776
SZ000768,中航西飞,0,000768
SZ000762,西藏矿业,0,000762
SZ000756,新华制药,0,000756
SZ000739,普洛药业,0,000739
SZ000738,航发控制,0,000738
SZ000736,中交地产,0,000736
SZ000733,振华科技,0,000733
SZ000731,四川美丰,0,000731
SZ000729,燕京啤酒,0,000729
SZ000723,美锦能源,0,000723
SZ000722,湖南发展,0,000722
SZ000721,西安饮食,0,000721
SZ000719,中原传媒,0,000719
SZ000716,黑芝麻,0,000716
SZ000713,丰乐种业,0,000713
SZ000708,中信特钢,0,000708
SZ000707,双环科技,0,000707
SZ000688,国城矿业,0,000688
SZ000683,远兴能源,0,000683
SZ000682,东方电子,0,000682
SZ000681,视觉中国,0,000681
SZ000672,上峰水泥,0,000672
SZ000666,经纬纺机,0,000666
SZ000663,永安林业,0,000663
SZ000661,长春高新,0,000661
SZ000657,中钨高新,0,000657
SZ000651,格力电器,0,000651
SZ000636,风华高科,0,000636
SZ000625,长安汽车,0,000625
SZ000623,吉林敖东,0,000623
SZ000615,奥园美谷,0,000615
SZ000610,西安旅游,0,000610
SZ000603,盛达资源,0,000603
SZ000596,古井贡酒,0,000596
SZ000590,启迪药业,0,000590
SZ000581,威孚高科,0,000581
SZ000576,甘化科工,0,000576
SZ000568,泸州老窖,0,000568
SZ000567,海德股份,0,000567
SZ000561,烽火电子,0,000561
SZ000555,神州信息,0,000555
SZ000550,江铃汽车,0,000550
SZ000547,航天发展,0,000547
SZ000546,金圆股份,0,000546
SZ000538,云南白药,0,000538
SZ000537,广宇发展,0,000537
SZ000532,华金资本,0,000532
SZ000529,广弘控股,0,000529
SZ000526,学大教育,0,000526
SZ000525,ST红太阳,0,000525
SZ000524,岭南控股,0,000524
SZ000519,中兵红箭,0,000519
SZ000516,国际医学,0,000516
SZ000513,丽珠集团,0,000513
SZ000503,国新健康,0,000503
SZ000501,武商集团,0,000501
SZ000430,张家界,0,000430
SZ000423,东阿阿胶,0,000423
SZ000422,湖北宜化,0,000422
SZ000411,英特集团,0,000411
SZ000408,藏格矿业,0,000408
SZ000403,派林生物,0,000403
SZ000401,冀东水泥,0,000401
SZ000400,许继电气,0,000400
SZ000338,潍柴动力,0,000338
SZ000333,美的集团,0,000333
SZ000301,东方盛虹,0,000301
SZ000155,川能动力,0,000155
SZ000153,丰原药业,0,000153
SZ000151,中成股份,0,000151
SZ000096,广聚能源,0,000096
SZ000066,中国长城,0,000066
SZ000065,北方国际,0,000065
SZ000063,中兴通讯,0,000063
SZ000050,深天马A,0,000050
SZ000049,德赛电池,0,000049
SZ000045,深纺织A,0,000045
SZ000037,深南电A,0,000037
SZ000034,神州数码,0,000034
SZ000032,深桑达A,0,000032
SZ000029,深深房A,0,000029
SZ000028,国药一致,0,000028
SZ000025,特力A,0,000025
SZ000021,深科技,0,000021
SZ000014,沙河股份,0,000014
SZ000011,深物业A,0,000011
SZ000009,中国宝安,0,000009
SZ000002,万科A,0,000002
SZ000001,平安银行,0,000001
SH689009,九号公司-WD,1,689009
SH688981,中芯国际,1,688981
SH688819,天能股份,1,688819
SH688800,瑞可达,1,688800
SH688798,艾为电子,1,688798
SH688793,倍轻松,1,688793
SH688789,宏华数科,1,688789
SH688779,长远锂科,1,688779
SH688778,厦钨新能,1,688778
SH688777,中控技术,1,688777
SH688772,珠海冠宇,1,688772
SH688766,普冉股份,1,688766
SH688739,成大生物,1,688739
SH688733,壹石通,1,688733
SH688722,同益中,1,688722
SH688711,宏微科技,1,688711
SH688707,振华新材,1,688707
SH688700,东威科技,1,688700
SH688699,明微电子,1,688699
SH688697,纽威数控,1,688697
SH688696,极米科技,1,688696
SH688690,纳微科技,1,688690
SH688687,凯因科技,1,688687
SH688680,海优新材,1,688680
SH688678,福立旺,1,688678
SH688677,海泰新光,1,688677
SH688676,金盘科技,1,688676
SH688670,金迪克,1,688670
SH688668,鼎通科技,1,688668
SH688667,菱电电控,1,688667
SH688663,新风光,1,688663
SH688659,元琛科技,1,688659
SH688658,悦康药业,1,688658
SH688639,华恒生物,1,688639
SH688636,智明达,1,688636
SH688630,芯碁微装,1,688630
SH688628,优利德,1,688628
SH688626,翔宇医疗,1,688626
SH688617,惠泰医疗,1,688617
SH688608,恒玄科技,1,688608
SH688606,奥泰生物,1,688606
SH688601,力芯微,1,688601
SH688599,天合光能,1,688599
SH688598,金博股份,1,688598
SH688596,正帆科技,1,688596
SH688595,芯海科技,1,688595
SH688589,力合微,1,688589
SH688588,凌志软件,1,688588
SH688578,艾力斯-U,1,688578
SH688575,亚辉龙,1,688575
SH688567,孚能科技,1,688567
SH688566,吉贝尔,1,688566
SH688561,奇安信-U,1,688561
SH688560,明冠新材,1,688560
SH688559,海目星,1,688559
SH688556,高测股份,1,688556
SH688536,思瑞浦,1,688536
SH688533,上声电子,1,688533
SH688526,科前生物,1,688526
SH688521,芯原股份-U,1,688521
SH688520,神州细胞-U,1,688520
SH688518,联赢激光,1,688518
SH688516,奥特维,1,688516
SH688513,苑东生物,1,688513
SH688508,芯朋微,1,688508
SH688506,C百利-U,1,688506
SH688503,聚和材料,1,688503
SH688501,青达环保,1,688501
SH688500,慧辰股份,1,688500
SH600779,水井坊,1,600779
SH600773,西藏城投,1,600773
SH600771,广誉远,1,600771
SH600766,园城黄金,1,600766
SH600765,中航重机,1,600765
SH600764,中国海防,1,600764
SH600763,通策医疗,1,600763
SH600761,安徽合力,1,600761
SH600760,中航沈飞,1,600760
SH600756,浪潮软件,1,600756
SH600754,锦江酒店,1,600754
SH600753,东方银星,1,600753
SH600750,江中药业,1,600750
SH600749,西藏旅游,1,600749
SH600745,闻泰科技,1,600745
SH600741,华域汽车,1,600741
SH600739,辽宁成大,1,600739
SH600732,爱旭股份,1,600732
SH600731,湖南海利,1,600731
SH600729,重庆百货,1,600729
SH600720,祁连山,1,600720
SH600718,东软集团,1,600718
SH600706,曲江文旅,1,600706
SH600703,三安光电,1,600703
SH600702,舍得酒业,1,600702
SH600699,均胜电子,1,600699
SH600696,岩石股份,1,600696
SH600690,海尔智家,1,600690
SH600685,中船防务,1,600685
SH600682,南京新百,1,600682
SH600674,川投能源,1,600674
SH600673,东阳光,1,600673
SH600668,尖峰集团,1,600668
SH600663,陆家嘴,1,600663
SH600661,昂立教育,1,600661
SH600660,福耀玻璃,1,600660
SH600641,万业企业,1,600641
SH600636,国新文化,1,600636
SH600633,浙数文化,1,600633
SH600621,华鑫股份,1,600621
SH600613,神奇制药,1,600613
SH600612,老凤祥,1,600612
SH600610,中毅达,1,600610
SH600603,广汇物流,1,600603
SH600602,云赛智联,1,600602
SH600600,青岛啤酒,1,600600
SH600599,ST熊猫,1,600599
SH600598,北大荒,1,600598
SH600597,光明乳业,1,600597
SH600596,新安股份,1,600596
SH600593,大连圣亚,1,600593
SH600588,用友网络,1,600588
SH600587,新华医疗,1,600587
SH600586,金晶科技,1,600586
SH600585,海螺水泥,1,600585
SH600584,长电科技,1,600584
SH600580,卧龙电驱,1,600580
SH600573,惠泉啤酒,1,600573
SH600571,信雅达,1,600571
SH600570,恒生电子,1,600570
SH600566,济川药业,1,600566
SH600563,法拉电子,1,600563
SH600562,国睿科技,1,600562
SH600559,老白干酒,1,600559
SH600557,康缘药业,1,600557
SH600552,凯盛科技,1,600552
SH600549,厦门钨业,1,600549
SH600547,山东黄金,1,600547
SH600546,山煤国际,1,600546
SH600536,中国软件,1,600536
SH600535,天士力,1,600535
SH600532,*ST未来,1,600532
SH600529,山东药玻,1,600529
SH600523,贵航股份,1,600523
SH600522,中天科技,1,600522
SH600521,华海药业,1,600521
SH600520,文一科技,1,600520
SH600519,贵州茅台,1,600519
SH600511,国药股份,1,600511
SH600508,上海能源,1,600508
SH600506,香梨股份,1,600506
SH600499,科达制造,1,600499
SH600489,中金黄金,1,600489
SH600487,亨通光电,1,600487
SH600486,扬农化工,1,600486
SH600483,福能股份,1,600483
SH600481,双良节能,1,600481
SH600479,千金药业,1,600479
SH600478,科力远,1,600478
SH600476,湘邮科技,1,600476
SH600460,士兰微,1,600460
SH600459,贵研铂业,1,600459
SH600458,时代新材,1,600458
SH600456,宝钛股份,1,600456
SH600455,博通股份,1,600455
SH600452,涪陵电力,1,600452
SH600446,金证股份,1,600446
SH600438,通威股份,1,600438
SH600436,片仔癀,1,600436
SH600435,北方导航,1,600435
SH600426,华鲁恒升,1,600426
SH600422,昆药集团,1,600422
SH600420,国药现代,1,600420
SH600419,天润乳业,1,600419
SH600418,江淮汽车,1,600418
SH600416,湘电股份,1,600416
SH600406,国电南瑞,1,600406
SH600399,抚顺特钢,1,600399
SH600392,盛和资源,1,600392
SH600391,航发科技,1,600391
SH600389,江山股份,1,600389
SH600388,ST龙净,1,600388
SH600383,金地集团,1,600383
SH600381,青海春天,1,600381
SH600380,健康元,1,600380
SH600379,宝光股份,1,600379
SH600373,中文传媒,1,600373
SH600372,中航电子,1,600372
SH600371,万向德农,1,600371
SH600367,红星发展,1,600367
SH600366,宁波韵升,1,600366
SH600363,联创光电,1,600363
SH600362,江西铜业,1,600362
SH600359,新农开发,1,600359
SH600353,旭光电子,1,600353
SH600352,浙江龙盛,1,600352
SH600348,华阳股份,1,600348
SH600346,恒力石化,1,600346
SH600338,西藏珠峰,1,600338
SH600335,国机汽车,1,600335
SH600332,白云山,1,600332
SH600330,天通股份,1,600330
SH600329,达仁堂,1,600329
SH600328,中盐化工,1,600328
SH600325,华发股份,1,600325
SH600316,洪都航空,1,600316
SH600315,上海家化,1,600315
SH600313,农发种业,1,600313
SH600312,平高电气,1,600312
SH600309,万华化学,1,600309
SH600305,恒顺醋业,1,600305
SH600298,安琪酵母,1,600298
SH600295,鄂尔多斯,1,600295
SH600285,羚锐制药,1,600285
SH600276,恒瑞医药,1,600276
SH600273,嘉化能源,1,600273
SH600271,航天信息,1,600271
SH600268,国电南自,1,600268
SH600267,海正药业,1,600267
SH600259,广晟有色,1,600259
SH600258,首旅酒店,1,600258
SH600256,广汇能源,1,600256
SH600238,海南椰岛,1,600238
SH600233,圆通速递,1,600233
SH600230,沧州大化,1,600230
SH600223,鲁商发展,1,600223
SH600216,浙江医药,1,600216
SH600213,亚星客车,1,600213
SH600212,绿能慧充,1,600212
SH600211,西藏药业,1,600211
SH600206,有研新材,1,600206
SH600201,生物股份,1,600201
SH600199,金种子酒,1,600199
SH600197,伊力特,1,600197
SH600196,复星医药,1,600196
SH600195,中牧股份,1,600195
SH600188,兖矿能源,1,600188
SH600185,格力地产,1,600185
SH600183,生益科技,1,600183
SH600176,中国巨石,1,600176
SH600171,上海贝岭,1,600171
SH600161,天坛生物,1,600161
SH600160,巨化股份,1,600160
SH600158,中体产业,1,600158
SH600153,建发股份,1,600153
SH600152,维科技术,1,600152
SH600151,航天机电,1,600151
SH600150,中国船舶,1,600150
SH600143,金发科技,1,600143
SH600141,兴发集团,1,600141
SH600138,中青旅,1,600138
SH600132,重庆啤酒,1,600132
SH600131,国网信通,1,600131
SH600129,太极集团,1,600129
SH600123,兰花科创,1,600123
SH600118,中国卫星,1,600118
SH600116,三峡水利,1,600116
SH600114,东睦股份,1,600114
SH600113,浙江东日,1,600113
SH600111,北方稀土,1,600111
SH600110,诺德股份,1,600110
SH600109,国金证券,1,600109
SH600104,上汽集团,1,600104
SH600101,明星电力,1,600101
SH600097,开创国际,1,600097
SH600096,云天化,1,600096
SH600095,湘财股份,1,600095
SH600089,特变电工,1,600089
SH600085,同仁堂,1,600085
SH600079,人福医药,1,600079
SH688499,利元亨,1,688499
SH688498,源杰科技,1,688498
SH688489,三未信安,1,688489
SH688475,萤石网络,1,688475
SH688468,科美诊断,1,688468
SH688456,有研粉材,1,688456
SH688439,振华风光,1,688439
SH688432,有研硅,1,688432
SH688428,诺诚健华-U,1,688428
SH688410,山外山,1,688410
SH688409,富创精密,1,688409
SH688408,中信博,1,688408
SH688403,汇成股份,1,688403
SH688396,华润微,1,688396
SH688392,骄成超声,1,688392
SH688391,钜泉科技,1,688391
SH688390,固德威,1,688390
SH688389,普门科技,1,688389
SH688388,嘉元科技,1,688388
SH688386,泛亚微透,1,688386
SH688385,复旦微电,1,688385
SH688383,新益昌,1,688383
SH688381,帝奥微,1,688381
SH688380,中微半导,1,688380
SH688378,奥来德,1,688378
SH688376,美埃科技,1,688376
SH688373,盟科药业-U,1,688373
SH688372,伟测科技,1,688372
SH688368,晶丰明源,1,688368
SH688366,昊海生科,1,688366
SH688363,华熙生物,1,688363
SH688362,甬矽电子,1,688362
SH688359,三孚新科,1,688359
SH688358,祥生医疗,1,688358
SH688357,建龙微纳,1,688357
SH688356,键凯科技,1,688356
SH688351,微电生理-U,1,688351
SH688349,三一重能,1,688349
SH688348,昱能科技,1,688348
SH688345,博力威,1,688345
SH688339,亿华通-U,1,688339
SH688338,赛科希德,1,688338
SH688333,铂力特,1,688333
SH688331,荣昌生物,1,688331
SH688326,经纬恒润-W,1,688326
SH688321,微芯生物,1,688321
SH688320,禾川科技,1,688320
SH688318,财富趋势,1,688318
SH688317,之江生物,1,688317
SH688315,诺禾致源,1,688315
SH688311,盟升电子,1,688311
SH688308,欧科亿,1,688308
SH688305,科德数控,1,688305
SH688303,大全能源,1,688303
SH688302,海创药业-U,1,688302
SH688301,奕瑞科技,1,688301
SH688299,长阳科技,1,688299
SH688298,东方生物,1,688298
SH688297,中无人机,1,688297
SH688295,中复神鹰,1,688295
SH688286,敏芯股份,1,688286
SH688281,华秦科技,1,688281
SH688278,特宝生物,1,688278
SH688276,百克生物,1,688276
SH688275,万润新能,1,688275
SH688271,联影医疗,1,688271
SH688270,臻镭科技,1,688270
SH688268,华特气体,1,688268
SH688266,泽璟制药-U,1,688266
SH688262,国芯科技,1,688262
SH688261,东微半导,1,688261
SH688259,创耀科技,1,688259
SH688256,寒武纪-U,1,688256
SH688255,凯尔达,1,688255
SH688248,南网科技,1,688248
SH688246,嘉和美康,1,688246
SH688239,航宇科技,1,688239
SH688236,春立医疗,1,688236
SH688235,百济神州-U,1,688235
SH688234,天岳先进,1,688234
SH688233,神工股份,1,688233
SH688232,新点软件,1,688232
SH688226,威腾电气,1,688226
SH688223,晶科能源,1,688223
SH688221,前沿生物-U,1,688221
SH688218,江苏北人,1,688218
SH688216,气派科技,1,688216
SH688213,思特威-W,1,688213
SH688208,道通科技,1,688208
SH688206,概伦电子,1,688206
SH688202,美迪西,1,688202
SH688201,信安世纪,1,688201
SH688200,华峰测控,1,688200
SH688198,佰仁医疗,1,688198
SH688189,南新制药,1,688189
SH688188,柏楚电子,1,688188
SH688187,时代电气,1,688187
SH688186,广大特材,1,688186
SH688185,康希诺,1,688185
SH688180,君实生物-U,1,688180
SH688177,百奥泰,1,688177
SH688176,亚虹医药-U,1,688176
SH688172,燕东微,1,688172
SH688170,德龙激光,1,688170
SH688169,石头科技,1,688169
SH688167,炬光科技,1,688167
SH688166,博瑞医药,1,688166
SH688161,威高骨科,1,688161
SH688158,优刻得-W,1,688158
SH688156,路德环境,1,688156
SH688153,唯捷创芯-U,1,688153
SH688152,麒麟信安,1,688152
SH688148,芳源股份,1,688148
SH688147,微导纳米,1,688147
SH688141,杰华特,1,688141
SH688139,海尔生物,1,688139
SH688138,清溢光电,1,688138
SH688137,近岸蛋白,1,688137
SH688133,泰坦科技,1,688133
SH688131,皓元医药,1,688131
SH688126,沪硅产业-U,1,688126
SH688123,聚辰股份,1,688123
SH688122,西部超导,1,688122
SH688120,华海清科,1,688120
SH688116,天奈科技,1,688116
SH688114,华大智造,1,688114
SH688112,鼎阳科技,1,688112
SH688111,金山办公,1,688111
SH688110,东芯股份,1,688110
SH688107,安路科技-U,1,688107
SH688106,金宏气体,1,688106
SH688105,诺唯赞,1,688105
SH688100,威胜信息,1,688100
SH688099,晶晨股份,1,688099
SH688091,上海谊众-U,1,688091
SH688089,嘉必优,1,688089
SH688085,三友医疗,1,688085
SH688084,晶品特装,1,688084
SH688083,中望软件,1,688083
SH688082,盛美上海,1,688082
SH688077,大地熊,1,688077
SH688073,毕得医药,1,688073
SH688072,拓荆科技-U,1,688072
SH688068,热景生物,1,688068
SH688066,航天宏图,1,688066
SH688063,派能科技,1,688063
SH688061,灿瑞科技,1,688061
SH688060,云涌科技,1,688060
SH688053,思科瑞,1,688053
SH688052,纳芯微,1,688052
SH688050,爱博医疗,1,688050
SH688048,长光华芯,1,688048
SH688047,龙芯中科,1,688047
SH688041,海光信息,1,688041
SH688037,芯源微,1,688037
SH688036,传音控股,1,688036
SH688035,德邦科技,1,688035
SH688033,天宜上佳,1,688033
SH688032,禾迈股份,1,688032
SH688031,星环科技-U,1,688031
SH688029,南微医学,1,688029
SH688025,杰普特,1,688025
SH688023,安恒信息,1,688023
SH688019,安集科技,1,688019
SH688018,乐鑫科技,1,688018
SH688017,绿的谐波,1,688017
SH688016,心脉医疗,1,688016
SH688012,中微公司,1,688012
SH688008,澜起科技,1,688008
SH688007,光峰科技,1,688007
SH688006,杭可科技,1,688006
SH688005,容百科技,1,688005
SH688002,睿创微纳,1,688002
SH605599,菜百股份,1,605599
SH605598,上海港湾,1,605598
SH605589,圣泉集团,1,605589
SH605567,春雪食品,1,605567
SH605566,福莱蒽特,1,605566
SH605499,东鹏饮料,1,605499
SH605399,晨光新材,1,605399
SH605388,均瑶健康,1,605388
SH605377,华旺科技,1,605377
SH605376,博迁新材,1,605376
SH605369,拱东医疗,1,605369
SH605366,宏柏新材,1,605366
SH605358,立昂微,1,605358
SH605338,巴比食品,1,605338
SH605337,李子园,1,605337
SH605336,帅丰电器,1,605336
SH605333,沪光股份,1,605333
SH605305,中际联合,1,605305
SH605299,舒华体育,1,605299
SH605289,罗曼股份,1,605289
SH605286,同力日升,1,605286
SH605266,健之佳,1,605266
SH605218,伟时电子,1,605218
SH605208,永茂泰,1,605208
SH605199,葫芦娃,1,605199
SH605183,确成股份,1,605183
SH605177,东亚药业,1,605177
SZ301391,卡莱特,0,301391
SZ301377,鼎泰高科,0,301377
SZ301369,联动科技,0,301369
SZ301367,怡和嘉业,0,301367
SZ301363,美好医疗,0,301363
SZ301349,信德新材,0,301349
SZ301339,通行宝,0,301339
SZ301333,诺思格,0,301333
SZ301328,维峰电子,0,301328
SZ301327,华宝新能,0,301327
SZ301312,智立方,0,301312
SZ301311,昆船智能,0,301311
SZ301308,江波龙,0,301308
SZ301302,华如科技,0,301302
SZ301301,川宁生物,0,301301
SZ301297,富乐德,0,301297
SZ301278,快可电子,0,301278
SZ301269,华大九天,0,301269
SZ301268,铭利达,0,301268
SZ301267,华厦眼科,0,301267
SZ301266,宇邦新材,0,301266
SZ301263,泰恩康,0,301263
SZ301256,华融化学,0,301256
SZ301239,普瑞眼科,0,301239
SZ301238,瑞泰新材,0,301238
SZ301236,软通动力,0,301236
SZ301219,腾远钴业,0,301219
SZ301216,万凯新材,0,301216
SZ301211,亨迪药业,0,301211
SZ301208,中亦科技,0,301208
SZ301207,华兰疫苗,0,301207
SZ301198,喜悦智行,0,301198
SZ301188,力诺特玻,0,301188
SZ301179,泽宇智能,0,301179
SZ301177,迪阿股份,0,301177
SZ301171,易点天下,0,301171
SZ301168,通灵股份,0,301168
SZ301166,优宁维,0,301166
SZ301165,锐捷网络,0,301165
SZ301162,国能日新,0,301162
SZ301155,海力风电,0,301155
SZ301153,中科江南,0,301153
SZ301152,天力锂能,0,301152
SZ301123,奕东电子,0,301123
SZ301121,紫建电子,0,301121
SZ301120,新特电气,0,301120
SZ301118,恒光股份,0,301118
SZ301117,佳缘科技,0,301117
SZ301108,洁雅股份,0,301108
SZ301103,何氏眼科,0,301103
SZ301102,兆讯传媒,0,301102
SZ301101,明月镜片,0,301101
SZ301100,风光股份,0,301100
SZ301099,雅创电子,0,301099
SZ301096,百诚医药,0,301096
SZ301095,广立微,0,301095
SZ301091,深城交,0,301091
SZ301089,拓新药业,0,301089
SZ301087,可孚医疗,0,301087
SZ301080,百普赛斯,0,301080
SZ301078,孩子王,0,301078
SZ301073,君亭酒店,0,301073
SZ301071,力量钻石,0,301071
SZ301069,凯盛新材,0,301069
SZ301062,上海艾录,0,301062
SZ301060,兰卫医学,0,301060
SZ301058,中粮科工,0,301058
SZ301051,信濠光电,0,301051
SZ301050,雷电微力,0,301050
SZ301047,义翘神州,0,301047
SZ301046,能辉科技,0,301046
SZ301040,中环海陆,0,301040
SZ301039,中集车辆,0,301039
SZ301035,润丰股份,0,301035
SZ301031,中熔电气,0,301031
SZ301030,仕净科技,0,301030
SZ301029,怡合达,0,301029
SZ301026,浩通科技,0,301026
SZ301025,读客文化,0,301025
SZ301023,江南奕帆,0,301023
SZ301021,英诺激光,0,301021
SZ301018,申菱环境,0,301018
SZ301015,百洋医药,0,301015
SZ301013,利和兴,0,301013
SZ301009,可靠股份,0,301009
SZ301007,德迈仕,0,301007
SZ301005,超捷股份,0,301005
SZ300999,金龙鱼,0,300999
SZ300996,普联软件,0,300996
SZ300990,同飞股份,0,300990
SZ300988,津荣天宇,0,300988
SZ300986,志特新材,0,300986
SZ300982,苏文电能,0,300982
SZ300979,华利集团,0,300979
SZ300976,达瑞电子,0,300976
SZ300973,立高食品,0,300973
SZ300969,恒帅股份,0,300969
SZ300967,晓鸣股份,0,300967
SZ300966,共同药业,0,300966
SZ300957,贝泰妮,0,300957
SZ300953,震裕科技,0,300953
SZ300945,曼卡龙,0,300945
SZ300942,易瑞生物,0,300942
SZ300941,创识科技,0,300941
SZ300940,南极光,0,300940
SZ300939,秋田微,0,300939
SZ300937,药易购,0,300937
SZ300933,中辰股份,0,300933
SZ300927,江天化学,0,300927
SZ300925,法本信息,0,300925
SZ300919,中伟股份,0,300919
SZ300918,南山智尚,0,300918
SZ300917,特发服务,0,300917
SZ300916,朗特智能,0,300916
SZ300915,海融科技,0,300915
SZ300911,亿田智能,0,300911
SZ300910,瑞丰新材,0,300910
SZ300903,科翔股份,0,300903
SZ300902,国安达,0,300902
SZ300900,广联航空,0,300900
SZ300898,熊猫乳品,0,300898
SZ300896,爱美客,0,300896
SZ300895,铜牛信息,0,300895
SZ300894,火星人,0,300894
SZ300893,松原股份,0,300893
SZ300890,翔丰华,0,300890
SZ300888,稳健医疗,0,300888
SZ300887,谱尼测试,0,300887
SZ300881,盛德鑫泰,0,300881
SZ300872,天阳科技,0,300872
SZ300869,康泰医学,0,300869
SZ300867,圣元环保,0,300867
SZ300866,安克创新,0,300866
SZ300863,卡倍亿,0,300863
SZ300861,美畅股份,0,300861
SZ300860,锋尚文化,0,300860
SZ300859,西域旅游,0,300859
SZ300858,科拓生物,0,300858
SZ300856,科思股份,0,300856
SZ300855,图南股份,0,300855
SZ300850,新强联,0,300850
SZ300848,美瑞新材,0,300848
SZ300847,中船汉光,0,300847
SZ300846,首都在线,0,300846
SZ300842,帝科股份,0,300842
SZ300841,康华生物,0,300841
SZ300835,龙磁科技,0,300835
SZ300832,新产业,0,300832
SZ300831,派瑞股份,0,300831
SZ300827,上能电气,0,300827
SZ300825,阿尔特,0,300825
SZ300821,东岳硅材,0,300821
SZ300820,英杰电气,0,300820
SZ300814,中富电路,0,300814
SZ300813,泰林生物,0,300813
SZ300812,易天股份,0,300812
SZ300811,铂科新材,0,300811
SZ300803,指南针,0,300803
SZ300799,左江科技,0,300799
SZ300795,米奥会展,0,300795
SZ300792,壹网壹创,0,300792
SZ300791,仙乐健康,0,300791
SZ300787,海能实业,0,300787
SZ300785,值得买,0,300785
SZ300783,三只松鼠,0,300783
SZ300782,卓胜微,0,300782
SZ300780,德恩精工,0,300780
SZ300779,惠城环保,0,300779
SZ300777,中简科技,0,300777
SZ300776,帝尔激光,0,300776
SZ300775,三角防务,0,300775
SZ300773,拉卡拉,0,300773
SZ300772,运达股份,0,300772
SZ300771,智莱科技,0,300771
SZ300770,新媒股份,0,300770
SZ300769,德方纳米,0,300769
SZ300767,震安科技,0,300767
SZ300766,每日互动,0,300766
SZ300765,新诺威,0,300765
SZ300763,锦浪科技,0,300763
SZ300762,上海瀚讯,0,300762
SZ300761,立华股份,0,300761
SZ300760,迈瑞医疗,0,300760
SZ300759,康龙化成,0,300759
SZ300758,七彩化学,0,300758
SZ300757,罗博特科,0,300757
SZ300755,华致酒行,0,300755
SZ300753,爱朋医疗,0,300753
SZ300752,隆利科技,0,300752
SZ300751,迈为股份,0,300751
SZ300750,宁德时代,0,300750
SZ300749,顶固集创,0,300749
SZ300748,金力永磁,0,300748
SZ300747,锐科激光,0,300747
SZ300745,欣锐科技,0,300745
SZ300742,越博动力,0,300742
SZ300740,水羊股份,0,300740
SZ300739,明阳电路,0,300739
SZ300738,奥飞数据,0,300738
SZ300737,科顺股份,0,300737
SZ300730,科创信息,0,300730
SZ300729,乐歌股份,0,300729
SZ300727,润禾材料,0,300727
SZ300726,宏达电子,0,300726
SZ300725,药石科技,0,300725
SZ300724,捷佳伟创,0,300724
SZ300723,一品红,0,300723
SZ300719,安达维尔,0,300719
SZ300718,长盛轴承,0,300718
SZ300716,国立科技,0,300716
SZ300712,永福股份,0,300712
SZ300709,精研科技,0,300709
SZ300708,聚灿光电,0,300708
SZ300706,阿石创,0,300706
SZ300705,九典制药,0,300705
SZ300702,天宇股份,0,300702
SZ300700,岱勒新材,0,300700
SZ300699,光威复材,0,300699
SZ300696,爱乐达,0,300696
SZ300693,盛弘股份,0,300693
SZ300688,创业黑马,0,300688
SZ300687,赛意信息,0,300687
SZ300686,智动力,0,300686
SZ300685,艾德生物,0,300685
SZ300682,朗新科技,0,300682
SZ300681,英搏尔,0,300681
SZ300680,隆盛科技,0,300680
SZ300679,电连技术,0,300679
SZ300677,英科医疗,0,300677
SZ300676,华大基因,0,300676
SZ300674,宇信科技,0,300674
SZ300673,佩蒂股份,0,300673
SZ300672,国科微,0,300672
SZ300671,富满微,0,300671
SZ300668,杰恩设计,0,300668
SZ300666,江丰电子,0,300666
SZ300663,科蓝软件,0,300663
SZ300662,科锐国际,0,300662
SZ300661,圣邦股份,0,300661
SZ300660,江苏雷利,0,300660
SZ300659,中孚信息,0,300659
SZ300657,弘信电子,0,300657
SZ300656,民德电子,0,300656
SZ300655,晶瑞电材,0,300655
SZ300653,正海生物,0,300653
SZ300649,杭州园林,0,300649
SZ300648,星云股份,0,300648
SZ300643,万通智控,0,300643
SZ300639,凯普生物,0,300639
SZ300638,广和通,0,300638
SZ300634,彩讯股份,0,300634
SZ300633,开立医疗,0,300633
SZ300632,光莆股份,0,300632
SZ300631,久吾高科,0,300631
SZ300630,普利制药,0,300630
SZ300629,新劲刚,0,300629
SZ300628,亿联网络,0,300628
SZ300627,华测导航,0,300627
SZ300624,万兴科技,0,300624
SZ300623,捷捷微电,0,300623
SZ300621,维业股份,0,300621
SZ300618,寒锐钴业,0,300618
SZ300616,尚品宅配,0,300616
SZ300614,百川畅银,0,300614
SZ300613,富瀚微,0,300613
SZ300612,宣亚国际,0,300612
SZ300607,拓斯达,0,300607
SZ300605,恒锋信息,0,300605
SZ300604,长川科技,0,300604
SZ300602,飞荣达,0,300602
SZ300601,康泰生物,0,300601
SZ300598,诚迈科技,0,300598
SZ300596,利安隆,0,300596
SZ300595,欧普康视,0,300595
SZ300594,朗进科技,0,300594
SZ300593,新雷能,0,300593
SZ300592,华凯易佰,0,300592
SZ300590,移为通信,0,300590
SZ300589,江龙船艇,0,300589
SZ300587,天铁股份,0,300587
SZ300586,美联新材,0,300586
SZ300585,奥联电子,0,300585
SZ300584,海辰药业,0,300584
SZ300582,英飞特,0,300582
SZ300581,晨曦航空,0,300581
SZ300579,数字认证,0,300579
SZ300573,兴齐眼药,0,300573
SZ300569,天能重工,0,300569
SZ300568,星源材质,0,300568
SZ300567,精测电子,0,300567
SZ300566,激智科技,0,300566
SZ300565,科信技术,0,300565
SZ300562,乐心医疗,0,300562
SZ300560,中富通,0,300560
SZ300559,佳发教育,0,300559
SZ300558,贝达药业,0,300558
SZ300554,三超新材,0,300554
SZ300552,万集科技,0,300552
SZ300551,古鳌科技,0,300551
SZ300546,雄帝科技,0,300546
SZ300542,新晨科技,0,300542
SZ300541,先进数通,0,300541
SZ300537,广信材料,0,300537
SZ300536,农尚环境,0,300536
SZ300534,陇神戎发,0,300534
SZ300533,冰川网络,0,300533
SZ300532,今天国际,0,300532
SZ300529,健帆生物,0,300529
SZ300526,*ST中潜,0,300526
SZ300525,博思软件,0,300525
SZ300520,科大国创,0,300520
SZ300518,盛讯达,0,300518
SZ300517,海波重科,0,300517
SZ300513,恒实科技,0,300513
SZ300505,川金诺,0,300505
SZ300502,新易盛,0,300502
SZ300500,启迪设计,0,300500
SZ300499,高澜股份,0,300499
SZ300498,温氏股份,0,300498
SZ300497,富祥药业,0,300497
SZ300496,中科创达,0,300496
SZ300494,盛天网络,0,300494
SZ300491,通合科技,0,300491
SZ300490,华自科技,0,300490
SZ300489,光智科技,0,300489
SZ300487,蓝晓科技,0,300487
SZ300485,赛升药业,0,300485
SZ300482,万孚生物,0,300482
SZ300481,濮阳惠成,0,300481
SZ300480,光力科技,0,300480
SZ300479,神思电子,0,300479
SZ300476,胜宏科技,0,300476
SZ300474,景嘉微,0,300474
SZ300472,新元科技,0,300472
SZ300471,厚普股份,0,300471
SZ300468,四方精创,0,300468
SZ300463,迈克生物,0,300463
SZ300460,惠伦晶体,0,300460
SZ300458,全志科技,0,300458
SZ300457,赢合科技,0,300457
SZ300456,赛微电子,0,300456
SZ300454,深信服,0,300454
SZ300452,山河药辅,0,300452
SZ300451,创业慧康,0,300451
SZ300450,先导智能,0,300450
SZ300443,金雷股份,0,300443
SZ300442,润泽科技,0,300442
SZ300438,鹏辉能源,0,300438
SZ300437,清水源,0,300437
SZ300436,广生堂,0,300436
SZ300435,中泰股份,0,300435
SZ300434,金石亚药,0,300434
SZ300433,蓝思科技,0,300433
SZ300432,富临精工,0,300432
SZ300428,立中集团,0,300428
SZ300427,红相股份,0,300427
SZ300423,昇辉科技,0,300423
SZ300421,力星股份,0,300421
SZ300418,昆仑万维,0,300418
SZ300416,苏试试验,0,300416
SZ300415,伊之密,0,300415
SZ300413,芒果超媒,0,300413
SZ300410,正业科技,0,300410
SZ300409,道氏技术,0,300409
SZ300408,三环集团,0,300408
SZ300406,九强生物,0,300406
SZ300402,宝色股份,0,300402
SZ300401,花园生物,0,300401
SZ300398,飞凯材料,0,300398
SZ300396,迪瑞医疗,0,300396
SZ300395,菲利华,0,300395
SZ300394,天孚通信,0,300394
SZ300393,中来股份,0,300393
SZ300390,天华超净,0,300390
SZ300389,艾比森,0,300389
SZ300383,光环新网,0,300383
SZ300382,斯莱克,0,300382
SZ300380,安硕信息,0,300380
SZ300379,东方通,0,300379
SZ300378,鼎捷软件,0,300378
SZ300377,赢时胜,0,300377
SZ300374,中铁装配,0,300374
SZ300373,扬杰科技,0,300373
SZ300369,绿盟科技,0,300369
SZ300366,创意信息,0,300366
SZ300365,恒华科技,0,300365
SZ300364,中文在线,0,300364
SZ300363,博腾股份,0,300363
SZ300360,炬华科技,0,300360
SZ300358,楚天科技,0,300358
SZ300357,我武生物,0,300357
SZ300353,东土科技,0,300353
SZ300351,永贵电器,0,300351
SZ300348,长亮科技,0,300348
SZ300347,泰格医药,0,300347
SZ300346,南大光电,0,300346
SZ300345,华民股份,0,300345
SZ300343,联创股份,0,300343
SZ300340,科恒股份,0,300340
SZ300339,润和软件,0,300339
SZ002389,航天彩虹,0,002389
SZ002385,大北农,0,002385
SZ002384,东山精密,0,002384
SZ002380,科远智慧,0,002380
SZ002373,千方科技,0,002373
SZ002372,伟星新材,0,002372
SZ002371,北方华创,0,002371
SZ002368,太极股份,0,002368
SZ002365,永安药业,0,002365
SZ002362,汉王科技,0,002362
SZ002353,杰瑞股份,0,002353
SZ002352,顺丰控股,0,002352
SZ002351,漫步者,0,002351
SZ002349,精华制药,0,002349
SZ002346,柘中股份,0,002346
SZ002338,奥普光电,0,002338
SZ002336,人人乐,0,002336
SZ002335,科华数据,0,002335
SZ002334,英威腾,0,002334
SZ002332,仙琚制药,0,002332
SZ002326,永太科技,0,002326
SZ002324,普利特,0,002324
SZ002319,乐通股份,0,002319
SZ002318,久立特材,0,002318
SZ002317,众生药业,0,002317
SZ002315,焦点科技,0,002315
SZ002312,川发龙蟒,0,002312
SZ002311,海大集团,0,002311
SZ002304,洋河股份,0,002304
SZ002299,圣农发展,0,002299
SZ002296,辉煌科技,0,002296
SZ002294,信立泰,0,002294
SZ002293,罗莱生活,0,002293
SZ002291,遥望科技,0,002291
SZ002279,久其软件,0,002279
SZ002276,万马股份,0,002276
SZ002273,水晶光电,0,002273
SZ002271,东方雨虹,0,002271
SZ002270,华明装备,0,002270
SZ002268,卫士通,0,002268
SZ002265,西仪股份,0,002265
SZ002262,恩华药业,0,002262
SZ002258,利尔化学,0,002258
SZ002254,泰和新材,0,002254
SZ002250,联化科技,0,002250
SZ002248,华东数控,0,002248
SZ002246,北化股份,0,002246
SZ002245,蔚蓝锂芯,0,002245
SZ002244,滨江集团,0,002244
SZ002243,力合科创,0,002243
SZ002242,九阳股份,0,002242
SZ002241,歌尔股份,0,002241
SZ002240,盛新锂能,0,002240
SZ002237,恒邦股份,0,002237
SZ002236,大华股份,0,002236
SZ002235,安妮股份,0,002235
SZ002234,民和股份,0,002234
SZ002232,启明信息,0,002232
SZ002231,奥维通信,0,002231
SZ002230,科大讯飞,0,002230
SZ002223,鱼跃医疗,0,002223
SZ002222,福晶科技,0,002222
SZ002221,东华能源,0,002221
SZ002216,三全食品,0,002216
SZ002214,大立科技,0,002214
SZ002213,大为股份,0,002213
SZ002212,天融信,0,002212
SZ002205,国统股份,0,002205
SZ002202,金风科技,0,002202
SZ002201,正威新材,0,002201
SZ002197,证通电子,0,002197
SZ002196,方正电机,0,002196
SZ002194,武汉凡谷,0,002194
SZ002193,如意集团,0,002193
SZ002192,融捷股份,0,002192
SZ002190,成飞集成,0,002190
SZ002186,全聚德,0,002186
SZ002185,华天科技,0,002185
SZ002184,海得控制,0,002184
SZ002182,云海金属,0,002182
SZ002180,纳思达,0,002180
SZ002179,中航光电,0,002179
SZ002176,江特电机,0,002176
SZ002174,游族网络,0,002174
SZ002169,智光电气,0,002169
SZ002166,莱茵生物,0,002166
SZ002163,海南发展,0,002163
SZ002159,三特索道,0,002159
SZ002158,汉钟精机,0,002158
SZ002156,通富微电,0,002156
SZ002155,湖南黄金,0,002155
SZ002153,石基信息,0,002153
SZ002152,广电运通,0,002152
SZ002151,北斗星通,0,002151
SZ002150,通润装备,0,002150
SZ002149,西部材料,0,002149
SZ002144,宏达高科,0,002144
SZ002142,宁波银行,0,002142
SZ002140,东华科技,0,002140
SZ002139,拓邦股份,0,002139
SZ002138,顺络电子,0,002138
SZ002129,TCL中环,0,002129
SZ002128,电投能源,0,002128
SZ002126,银轮股份,0,002126
SZ002125,湘潭电化,0,002125
SZ002123,梦网科技,0,002123
SZ002121,科陆电子,0,002121
SZ002120,韵达股份,0,002120
SZ002119,康强电子,0,002119
SZ002116,中国海诚,0,002116
SZ002111,威海广泰,0,002111
SZ002101,广东鸿图,0,002101
SZ002100,天康生物,0,002100
SZ002096,南岭民爆,0,002096
SZ002095,生意宝,0,002095
SZ002091,江苏国泰,0,002091
SZ002090,金智科技,0,002090
SZ002082,万邦德,0,002082
SZ002080,中材科技,0,002080
SZ002079,苏州固锝,0,002079
SZ002078,太阳纸业,0,002078
SZ002077,大港股份,0,002077
SZ002074,国轩高科,0,002074
SZ002068,黑猫股份,0,002068
SZ002066,瑞泰科技,0,002066
SZ002057,中钢天源,0,002057
SZ002056,横店东磁,0,002056
SZ002055,得润电子,0,002055
SZ002053,云南能投,0,002053
SZ002050,三花智控,0,002050
SZ002049,紫光国微,0,002049
SZ002048,宁波华翔,0,002048
SZ002046,国机精工,0,002046
SZ002045,国光电器,0,002045
SZ002043,兔宝宝,0,002043
SZ002041,登海种业,0,002041
SZ002039,黔源电力,0,002039
SZ002037,保利联合,0,002037
SZ002036,联创电子,0,002036
SZ002033,丽江股份,0,002033
SZ002030,达安基因,0,002030
SZ002028,思源电气,0,002028
SZ002025,航天电器,0,002025
SZ002020,京新药业,0,002020
SZ002019,亿帆医药,0,002019
SZ002017,东信和平,0,002017
SZ002015,协鑫能科,0,002015
SZ002013,中航机电,0,002013
SZ002011,盾安环境,0,002011
SZ002009,天奇股份,0,002009
SZ002008,大族激光,0,002008
SZ002007,华兰生物,0,002007
SZ002006,精功科技,0,002006
SZ002003,伟星股份,0,002003
SZ002001,新和成,0,002001
SZ001979,招商蛇口,0,001979
SZ001914,招商积余,0,001914
SZ001339,智微智能,0,001339
SZ001338,永顺泰,0,001338
SZ001330,博纳影业,0,001330
SZ001322,箭牌家居,0,001322
SZ001318,阳光乳业,0,001318
SZ001317,三羊马,0,001317
SZ001309,德明利,0,001309
SZ001308,康冠科技,0,001308
SZ001301,尚太科技,0,001301
SZ001298,好上好,0,001298
SZ001289,龙源电力,0,001289
SZ001270,铖昌科技,0,001270
SZ001269,欧晶科技,0,001269
SZ001258,立新能源,0,001258
SZ001236,弘业期货,0,001236
SZ001223,欧克科技,0,001223
SZ001219,青岛食品,0,001219
SZ001217,华尔泰,0,001217
SZ001215,千味央厨,0,001215
SZ001206,依依股份,0,001206
SZ001203,大中矿业,0,001203
SZ001201,东瑞股份,0,001201
SZ000999,华润三九,0,000999
SZ000998,隆平高科,0,000998
SZ000997,新大陆,0,000997
SZ000993,闽东电力,0,000993
SZ000989,九芝堂,0,000989
SZ000988,华工科技,0,000988
SZ000983,山西焦煤,0,000983
SZ000978,桂林旅游,0,000978
SZ000977,浪潮信息,0,000977
SZ000975,银泰黄金,0,000975
SZ000970,中科三环,0,000970
SZ000969,安泰科技,0,000969
SZ000968,蓝焰控股,0,000968
SZ000963,华东医药,0,000963
SZ000960,锡业股份,0,000960
SZ000957,中通客车,0,000957
SZ000951,中国重汽,0,000951
SZ000948,南天信息,0,000948
SZ000938,紫光股份,0,000938
SZ000935,四川双马,0,000935
SZ000933,神火股份,0,000933
SZ300337,银邦股份,0,300337
SZ300332,天壕环境,0,300332
SZ300331,苏大维格,0,300331
SZ300327,中颖电子,0,300327
SZ300320,海达股份,0,300320
SZ300319,麦捷科技,0,300319
SZ300316,晶盛机电,0,300316
SZ300314,戴维医疗,0,300314
SZ300308,中际旭创,0,300308
SZ300305,裕兴股份,0,300305
SZ300298,三诺生物,0,300298
SZ300294,博雅生物,0,300294
SZ300288,朗玛信息,0,300288
SZ300286,安科瑞,0,300286
SZ300274,阳光电源,0,300274
SZ300268,佳沃食品,0,300268
SZ300261,雅本化学,0,300261
SZ300260,新莱应材,0,300260
SZ300258,精锻科技,0,300258
SZ300257,开山股份,0,300257
SZ300253,卫宁健康,0,300253
SZ300251,光线传媒,0,300251
SZ300249,依米康,0,300249
SZ300248,新开普,0,300248
SZ300244,迪安诊断,0,300244
SZ300236,上海新阳,0,300236
SZ300233,金城医药,0,300233
SZ300229,拓尔思,0,300229
SZ300226,上海钢联,0,300226
SZ300224,正海磁材,0,300224
SZ300223,北京君正,0,300223
SZ300212,易华录,0,300212
SZ300208,青岛中程,0,300208
SZ300207,欣旺达,0,300207
SZ300206,理邦仪器,0,300206
SZ300205,天喻信息,0,300205
SZ300204,舒泰神,0,300204
SZ300203,聚光科技,0,300203
SZ300199,翰宇药业,0,300199
SZ300188,美亚柏科,0,300188
SZ300181,佐力药业,0,300181
SZ300179,四方达,0,300179
SZ300174,元力股份,0,300174
SZ300171,东富龙,0,300171
SZ300170,汉得信息,0,300170
SZ300168,万达信息,0,300168
SZ300166,东方国信,0,300166
SZ300161,华中数控,0,300161
SZ300151,昌红科技,0,300151
SZ300149,睿智医药,0,300149
SZ300146,汤臣倍健,0,300146
SZ300144,宋城演艺,0,300144
SZ300143,盈康生命,0,300143
SZ300142,沃森生物,0,300142
SZ300138,晨光生物,0,300138
SZ300136,信维通信,0,300136
SZ300130,新国都,0,300130
SZ300127,银河磁体,0,300127
SZ300125,聆达股份,0,300125
SZ300124,汇川技术,0,300124
SZ300122,智飞生物,0,300122
SZ300121,阳谷华泰,0,300121
SZ300118,东方日升,0,300118
SZ300115,长盈精密,0,300115
SZ300113,顺网科技,0,300113
SZ300109,新开源,0,300109
SZ300106,西部牧业,0,300106
SZ300105,龙源技术,0,300105
SZ300101,振芯科技,0,300101
SZ300093,金刚光伏,0,300093
SZ300087,荃银高科,0,300087
SZ300085,银之杰,0,300085
SZ300083,创世纪,0,300083
SZ300077,国民技术,0,300077
SZ300075,数字政通,0,300075
SZ300073,当升科技,0,300073
SZ300068,南都电源,0,300068
SZ300065,海兰信,0,300065
SZ300059,东方财富,0,300059
SZ300057,万顺新材,0,300057
SZ300054,鼎龙股份,0,300054
SZ300052,中青宝,0,300052
SZ300051,三五互联,0,300051
SZ300049,福瑞股份,0,300049
SZ300046,台基股份,0,300046
SZ300041,回天新材,0,300041
SZ300039,上海凯宝,0,300039
SZ300037,新宙邦,0,300037
SZ300036,超图软件,0,300036
SZ300035,中科电气,0,300035
SZ300034,钢研高纳,0,300034
SZ300033,同花顺,0,300033
SZ300031,宝通科技,0,300031
SZ300024,机器人,0,300024
SZ300019,硅宝科技,0,300019
SZ300015,爱尔眼科,0,300015
SZ300014,亿纬锂能,0,300014
SZ300012,华测检测,0,300012
SZ300009,安科生物,0,300009
SZ300007,汉威科技,0,300007
SZ300003,乐普医疗,0,300003
SZ300001,特锐德,0,300001
SZ003043,华亚智能,0,003043
SZ003042,中农联合,0,003042
SZ003040,楚天龙,0,003040
SZ003038,鑫铂股份,0,003038
SZ003033,征和工业,0,003033
SZ003032,传智教育,0,003032
SZ003031,中瓷电子,0,003031
SZ003030,祖名股份,0,003030
SZ003029,吉大正元,0,003029
SZ003028,振邦智能,0,003028
SZ003027,同兴环保,0,003027
SZ003026,中晶科技,0,003026
SZ003025,思进智能,0,003025
SZ003023,彩虹集团,0,003023
SZ003022,联泓新科,0,003022
SZ003021,兆威机电,0,003021
SZ003020,立方制药,0,003020
SZ003019,宸展光电,0,003019
SZ003012,东鹏控股,0,003012
SZ003010,若羽臣,0,003010
SZ003007,直真科技,0,003007
SZ003006,百亚股份,0,003006
SZ003005,竞业达,0,003005
SZ003004,声迅股份,0,003004
SZ003003,天元股份,0,003003
SZ003002,壶化股份,0,003002
SZ003000,劲仔食品,0,003000
SZ002999,天禾股份,0,002999
SZ002997,瑞鹄模具,0,002997
SZ002995,天地在线,0,002995
SZ002993,奥海科技,0,002993
SZ002992,宝明科技,0,002992
SZ002991,甘源食品,0,002991
SZ002990,盛视科技,0,002990
SZ002989,中天精装,0,002989
SZ002987,京北方,0,002987
SZ002985,北摩高科,0,002985
SZ002984,森麒麟,0,002984
SZ002982,湘佳股份,0,002982
SZ002980,华盛昌,0,002980
SZ002979,雷赛智能,0,002979
SZ002968,新大正,0,002968
SZ002967,广电计量,0,002967
SZ002965,祥鑫科技,0,002965
SZ002962,五方光电,0,002962
SZ002961,瑞达期货,0,002961
SZ002960,青鸟消防,0,002960
SZ002959,小熊电器,0,002959
SZ002957,科瑞技术,0,002957
SZ002956,西麦食品,0,002956
SZ002955,鸿合科技,0,002955
SZ002953,日丰股份,0,002953
SZ002947,恒铭达,0,002947
SZ002946,新乳业,0,002946
SZ002945,华林证券,0,002945
SZ002943,宇晶股份,0,002943
SZ002941,新疆交建,0,002941
SZ002940,昂利康,0,002940
SZ002939,长城证券,0,002939
SZ002938,鹏鼎控股,0,002938
SZ002937,兴瑞科技,0,002937
SZ002935,天奥电子,0,002935
SZ002933,新兴装备,0,002933
SZ002932,明德生物,0,002932
SZ002929,润建股份,0,002929
SZ002928,华夏航空,0,002928
SZ002925,盈趣科技,0,002925
SZ002923,润都股份,0,002923
SZ002922,伊戈尔,0,002922
SZ002920,德赛西威,0,002920
SZ002919,名臣健康,0,002919
SZ002918,蒙娜丽莎,0,002918
SZ002917,金奥博,0,002917
SZ002916,深南电路,0,002916
SZ002915,中欣氟材,0,002915
SZ002912,中新赛克,0,002912
SZ002911,佛燃能源,0,002911
SZ002910,庄园牧场,0,002910
SZ002909,集泰股份,0,002909
SZ002908,德生科技,0,002908
SZ002907,华森制药,0,002907
SZ002906,华阳集团,0,002906
SZ002905,金逸影视,0,002905
SZ002903,宇环数控,0,002903
SZ002902,铭普光磁,0,002902
SZ002901,大博医疗,0,002901
SZ002898,赛隆药业,0,002898
SZ002897,意华股份,0,002897
SZ002896,中大力德,0,002896
SZ002895,川恒股份,0,002895
SZ002892,科力尔,0,002892
SZ002891,中宠股份,0,002891
SZ002885,京泉华,0,002885
SZ002882,金龙羽,0,002882
SZ002881,美格智能,0,002881
SZ002880,卫光生物,0,002880
SZ002878,元隆雅图,0,002878
SZ002876,三利谱,0,002876
SH605168,三人行,1,605168
SH605136,丽人丽妆,1,605136
SH605133,嵘泰股份,1,605133
SH605128,上海沿浦,1,605128
SH605123,派克新材,1,605123
SH605117,德业股份,1,605117
SH605111,新洁能,1,605111
SH605108,同庆楼,1,605108
SH605090,九丰能源,1,605090
SH605089,味知香,1,605089
SH605088,冠盛股份,1,605088
SH605077,华康股份,1,605077
SH605020,永和股份,1,605020
SH605016,百龙创园,1,605016
SH605009,豪悦护理,1,605009
SH605007,五洲特纸,1,605007
SH605001,威奥股份,1,605001
SH603998,方盛制药,1,603998
SH603997,继峰股份,1,603997
SH603995,甬金股份,1,603995
SH603992,松霖科技,1,603992
SH603990,麦迪科技,1,603990
SH603987,康德莱,1,603987
SH603986,兆易创新,1,603986
SH603985,恒润股份,1,603985
SH603982,泉峰汽车,1,603982
SH603979,金诚信,1,603979
SH603977,国泰集团,1,603977
SH603970,中农立华,1,603970
SH603968,醋化股份,1,603968
SH603967,中创物流,1,603967
SH603959,百利科技,1,603959
SH603949,雪龙集团,1,603949
SH603939,益丰药房,1,603939
SH603938,三孚股份,1,603938
SH603936,博敏电子,1,603936
SH603933,睿能科技,1,603933
SH603931,格林达,1,603931
SH603929,亚翔集成,1,603929
SH603927,中科软,1,603927
SH603920,世运电路,1,603920
SH603919,金徽酒,1,603919
SH603918,金桥信息,1,603918
SH603917,合力科技,1,603917
SH603916,苏博特,1,603916
SH603915,国茂股份,1,603915
SH603912,佳力图,1,603912
SH603908,牧高笛,1,603908
SH603906,龙蟠科技,1,603906
SH603899,晨光股份,1,603899
SH603897,长城科技,1,603897
SH603896,寿仙谷,1,603896
SH603893,瑞芯微,1,603893
SH603888,新华网,1,603888
SH603885,吉祥航空,1,603885
SH603883,老百姓,1,603883
SH603882,金域医学,1,603882
SH603881,数据港,1,603881
SH603878,武进不锈,1,603878
SH603876,鼎胜新材,1,603876
SH603871,嘉友国际,1,603871
SH603868,飞科电器,1,603868
SH603867,新化股份,1,603867
SH603866,桃李面包,1,603866
SH603863,松炀资源,1,603863
SH603859,能科科技,1,603859
SH603858,步长制药,1,603858
SH603833,欧派家居,1,603833
SH603825,华扬联众,1,603825
SH603823,百合花,1,603823
SH603816,顾家家居,1,603816
SH603811,诚意药业,1,603811
SH603810,丰山集团,1,603810
SH603809,豪能股份,1,603809
SH603806,福斯特,1,603806
SH603801,志邦家居,1,603801
SH603800,道森股份,1,603800
SH603799,华友钴业,1,603799
SH603786,科博达,1,603786
SH603777,来伊份,1,603777
SH603776,永安行,1,603776
SH603773,沃格光电,1,603773
SH603759,海天股份,1,603759
SH603758,秦安股份,1,603758
SH603755,日辰股份,1,603755
SH603738,泰晶科技,1,603738
SH603737,三棵树,1,603737
SH603733,仙鹤股份,1,603733
SH603728,鸣志电器,1,603728
SH603721,中广天择,1,603721
SH603719,良品铺子,1,603719
SH603716,塞力医疗,1,603716
SH603713,密尔克卫,1,603713
SH603712,七一二,1,603712
SH603708,家家悦,1,603708
SH603707,健友股份,1,603707
SH603703,盛洋科技,1,603703
SH603701,德宏股份,1,603701
SH603696,安记食品,1,603696
SH603693,江苏新能,1,603693
SH603690,至纯科技,1,603690
SH603688,石英股份,1,603688
SH603678,火炬电子,1,603678
SH603668,天马科技,1,603668
SH603667,五洲新春,1,603667
SH603666,亿嘉和,1,603666
SH603659,璞泰来,1,603659
SH603658,安图生物,1,603658
SH603650,彤程新材,1,603650
SH603636,南威软件,1,603636
SH603630,拉芳家化,1,603630
SH603628,清源股份,1,603628
SH603619,中曼石油,1,603619
SH603613,国联股份,1,603613
SH603612,索通发展,1,603612
SH603609,禾丰股份,1,603609
SH603606,东方电缆,1,603606
SH603605,珀莱雅,1,603605
SH603599,广信股份,1,603599
SH603598,引力传媒,1,603598
SH603596,伯特利,1,603596
SH603595,东尼电子,1,603595
SH603589,口子窖,1,603589
SH603580,艾艾精工,1,603580
SH603568,伟明环保,1,603568
SH603567,珍宝岛,1,603567
SH603566,普莱柯,1,603566
SH603565,中谷物流,1,603565
SH603556,海兴电力,1,603556
SH603538,美诺华,1,603538
SH603530,神马电力,1,603530
SH603529,爱玛科技,1,603529
SH603520,司太立,1,603520
SH603517,绝味食品,1,603517
SH603516,淳中科技,1,603516
SH603508,思维列控,1,603508
SH603507,振江股份,1,603507
SH603505,金石资源,1,603505
SH603501,韦尔股份,1,603501
SH603496,恒为科技,1,603496
SH603489,八方股份,1,603489
SH603486,科沃斯,1,603486
SH603477,巨星农牧,1,603477
SH603466,风语筑,1,603466
SH603456,九洲药业,1,603456
SH603444,吉比特,1,603444
SH603439,贵州三力,1,603439
SH603421,鼎信通讯,1,603421
SH603416,信捷电气,1,603416
SH603399,吉翔股份,1,603399
SH603398,沐邦高科,1,603398
SH603396,金辰股份,1,603396
SH603393,新天然气,1,603393
SH603392,万泰生物,1,603392
SH603390,通达电气,1,603390
SH603387,基蛋生物,1,603387
SH603383,顶点软件,1,603383
SH603379,三美股份,1,603379
SH603378,亚士创能,1,603378
SH603369,今世缘,1,603369
SH603368,柳药集团,1,603368
SH603367,辰欣药业,1,603367
SH603363,傲农生物,1,603363
SH603359,东珠生态,1,603359
SH603358,华达科技,1,603358
SH603348,文灿股份,1,603348
SH603345,安井食品,1,603345
SH603338,浙江鼎力,1,603338
SH603330,天洋新材,1,603330
SH603327,福蓉科技,1,603327
SH603324,盛剑环境,1,603324
SH603318,水发燃气,1,603318
SH603317,天味食品,1,603317
SH603309,维力医疗,1,603309
SH603308,应流股份,1,603308
SH603306,华懋科技,1,603306
SH603305,旭升集团,1,603305
SH603301,振德医疗,1,603301
SH603299,苏盐井神,1,603299
SH603298,杭叉集团,1,603298
SH603297,永新光学,1,603297
SH603290,斯达半导,1,603290
SH603289,泰瑞机器,1,603289
SH603288,海天味业,1,603288
SH603286,日盈电子,1,603286
SH603283,赛腾股份,1,603283
SH603279,景津装备,1,603279
SH603267,鸿远电子,1,603267
SH603260,合盛硅业,1,603260
SH603259,药明康德,1,603259
SH603255,鼎际得,1,603255
SH603237,五芳斋,1,603237
SH603236,移远通信,1,603236
SH603233,大参林,1,603233
SH603232,格尔软件,1,603232
SH603229,奥翔药业,1,603229
SH603227,雪峰科技,1,603227
SH603225,新凤鸣,1,603225
SH603222,济民医疗,1,603222
SH603218,日月股份,1,603218
SH603213,镇洋发展,1,603213
SH603212,赛伍技术,1,603212
SH603208,江山欧派,1,603208
SH603203,快克股份,1,603203
SH603200,上海洗霸,1,603200
SH603199,九华旅游,1,603199
SH603198,迎驾贡酒,1,603198
SH603197,保隆科技,1,603197
SH603195,公牛集团,1,603195
SH603191,望变电气,1,603191
SH603189,网达软件,1,603189
SH603186,华正新材,1,603186
SH603185,上机数控,1,603185
SH603180,金牌厨柜,1,603180
SH603179,新泉股份,1,603179
SH603177,德创环保,1,603177
SH603171,税友股份,1,603171
SH603170,宝立食品,1,603170
SH603161,科华控股,1,603161
SH603160,汇顶科技,1,603160
SH603138,海量数据,1,603138
SH603136,天目湖,1,603136
SH603133,碳元科技,1,603133
SH603129,春风动力,1,603129
SH603128,华贸物流,1,603128
SH603127,昭衍新药,1,603127
SH603123,翠微股份,1,603123
SH603105,芯能科技,1,603105
SH603103,横店影视,1,603103
SH603100,川仪股份,1,603100
SH603099,长白山,1,603099
SH603090,宏盛股份,1,603090
SH603087,甘李药业,1,603087
SH603086,先达股份,1,603086
SH603081,大丰实业,1,603081
SH603078,江化微,1,603078
SH603076,乐惠国际,1,603076
SH603070,万控智造,1,603070
SH603069,海汽集团,1,603069
SH603068,博通集成,1,603068
SH603067,振华股份,1,603067
SH603066,音飞储存,1,603066
SH603063,禾望电气,1,603063
SH603057,紫燕食品,1,603057
SH603056,德邦股份,1,603056
SH603055,台华新材,1,603055
SH603051,鹿山新材,1,603051
SH603050,科林电气,1,603050
SH603043,广州酒家,1,603043
SH603036,如通股份,1,603036
SH603035,常熟汽饰,1,603035
SH603032,德新科技,1,603032
SH603031,安孚科技,1,603031
SH603029,天鹅股份,1,603029
SH603027,千禾味业,1,603027
SH603026,胜华新材,1,603026
SH603025,大豪科技,1,603025
SH603019,中科曙光,1,603019
SH603011,合锻智能,1,603011
SH603008,喜临门,1,603008
SH603005,晶方科技,1,603005
SH603000,人民网,1,603000
SH601995,中金公司,1,601995
SH601990,南京证券,1,601990
SH601966,玲珑轮胎,1,601966
SH601965,中国汽研,1,601965
SH601958,金钼股份,1,601958
SH601952,苏垦农发,1,601952
SH601919,中远海控,1,601919
SH601899,紫金矿业,1,601899
SH601898,中煤能源,1,601898
SH601890,亚星锚链,1,601890
SH601888,中国中免,1,601888
SH601886,江河集团,1,601886
SH601882,海天精工,1,601882
SH601881,中国银河,1,601881
SH601878,浙商证券,1,601878
SH601877,正泰电器,1,601877
SH601869,长飞光纤,1,601869
SH601865,福莱特,1,601865
SH601858,中国科传,1,601858
SH601838,成都银行,1,601838
SH601811,新华文轩,1,601811
SH601808,中海油服,1,601808
SH601800,中国交建,1,601800
SH601799,星宇股份,1,601799
SH601788,光大证券,1,601788
SH601717,郑煤机,1,601717
SH601702,华峰铝业,1,601702
SH601699,潞安环能,1,601699
SH601698,中国卫通,1,601698
SH601696,中银证券,1,601696
SH601689,拓普集团,1,601689
SH601688,华泰证券,1,601688
SH601677,明泰铝业,1,601677
SH601666,平煤股份,1,601666
SH601636,旗滨集团,1,601636
SH601633,长城汽车,1,601633
SH601628,中国人寿,1,601628
SH601615,明阳智能,1,601615
SH601607,上海医药,1,601607
SH601601,中国太保,1,601601
SH601595,上海电影,1,601595
SH601579,会稽山,1,601579
SH601567,三星医疗,1,601567
SH601456,国联证券,1,601456
SH601369,陕鼓动力,1,601369
SH601336,新华保险,1,601336
SH601318,中国平安,1,601318
SH601311,骆驼股份,1,601311
SH601238,广汽集团,1,601238
SH601233,桐昆股份,1,601233
SH601231,环旭电子,1,601231
SH601225,陕西煤业,1,601225
SH601222,林洋能源,1,601222
SH601211,国泰君安,1,601211
SH601208,东材科技,1,601208
SH601168,西部矿业,1,601168
SH601166,兴业银行,1,601166
SH601163,三角轮胎,1,601163
SH601156,东航物流,1,601156
SH601155,新城控股,1,601155
SH601138,工业富联,1,601138
SH601137,博威合金,1,601137
SH601136,首创证券,1,601136
SH601127,赛力斯,1,601127
SH601126,四方股份,1,601126
SH601117,中国化学,1,601117
SH601116,三江购物,1,601116
SH601111,中国国航,1,601111
SH601100,恒立液压,1,601100
SH601098,中南传媒,1,601098
SH601088,中国神华,1,601088
SH601069,西部黄金,1,601069
SH601066,中信建投,1,601066
SH601058,赛轮轮胎,1,601058
SH601028,玉龙股份,1,601028
SH601022,宁波远洋,1,601022
SH601021,春秋航空,1,601021
SH601020,华钰矿业,1,601020
SH601012,隆基绿能,1,601012
SH601009,南京银行,1,601009
SH601007,金陵饭店,1,601007
SH601001,晋控煤业,1,601001
SH600999,招商证券,1,600999
SH600998,九州通,1,600998
SH600996,贵广网络,1,600996
SH600995,南网储能,1,600995
SH600993,马应龙,1,600993
SH600992,贵绳股份,1,600992
SH600990,四创电子,1,600990
SH600989,宝丰能源,1,600989
SH600988,赤峰黄金,1,600988
SH600985,淮北矿业,1,600985
SH600977,中国电影,1,600977
SH600976,健民集团,1,600976
SH600970,中材国际,1,600970
SH600967,内蒙一机,1,600967
SH600966,博汇纸业,1,600966
SH600965,福成股份,1,600965
SH600958,东方证券,1,600958
SH600941,中国移动,1,600941
SH600938,中国海油,1,600938
SH600933,爱柯迪,1,600933
SH600929,雪天盐业,1,600929
SH600927,永安期货,1,600927
SH600926,杭州银行,1,600926
SH600916,中国黄金,1,600916
SH600900,长江电力,1,600900
SH600895,张江高科,1,600895
SH600893,航发动力,1,600893
SH600888,新疆众和,1,600888
SH600887,伊利股份,1,600887
SH600886,国投电力,1,600886
SH600885,宏发股份,1,600885
SH600884,杉杉股份,1,600884
SH600882,妙可蓝多,1,600882
SH600877,声光电科,1,600877
SH600876,洛阳玻璃,1,600876
SH600875,东方电气,1,600875
SH600873,梅花生物,1,600873
SH600872,中炬高新,1,600872
SH600867,通化东宝,1,600867
SH600862,中航高科,1,600862
SH600861,北京城乡,1,600861
SH600860,京城股份,1,600860
SH600859,王府井,1,600859
SH600855,航天长峰,1,600855
SH600850,电科数字,1,600850
SH600846,同济科技,1,600846
SH600845,宝信软件,1,600845
SH600837,海通证券,1,600837
SH600833,第一医药,1,600833
SH600827,百联股份,1,600827
SH600818,中路股份,1,600818
SH600809,山西汾酒,1,600809
SH600803,新奥股份,1,600803
SH600801,华新水泥,1,600801
SH600785,新华百货,1,600785
SH600783,鲁信创投,1,600783
